canonical_id,opus_raw_id,in_uploaded_opus_merged,in_v0_7_canonical,in_v0_7_public_runtime,id_status,candidate_strategy_field_count,candidate_mechanic_claim_count,ability_by_key_name_mismatch_count,legacy_abilities_dict_name_mismatch_count,risk_flags
aatrox,aatrox,True,True,True,matched,8,21,0,0,contains_exact_unverified_mechanics;contains_strategy_or_meta_overlay_candidates
ahri,ahri,True,True,True,matched,8,28,0,0,contains_exact_unverified_mechanics;contains_strategy_or_meta_overlay_candidates
akali,akali,True,True,True,matched,7,2,0,0,contains_exact_unverified_mechanics;contains_strategy_or_meta_overlay_candidates
akshan,akshan,True,True,True,matched,7,1,0,0,contains_exact_unverified_mechanics;contains_strategy_or_meta_overlay_candidates
alistar,alistar,True,True,True,matched,7,2,0,0,contains_exact_unverified_mechanics;contains_strategy_or_meta_overlay_candidates
ambessa,ambessa,True,True,True,matched,7,0,0,1,contains_strategy_or_meta_overlay_candidates;legacy_abilities_dict_identity_mismatch
amumu,amumu,True,True,True,matched,7,0,0,0,contains_strategy_or_meta_overlay_candidates
annie,annie,True,True,True,matched,7,1,0,0,contains_exact_unverified_mechanics;contains_strategy_or_meta_overlay_candidates
ashe,ashe,True,True,True,matched,7,1,0,0,contains_exact_unverified_mechanics;contains_strategy_or_meta_overlay_candidates
aurelion_sol,aurelion_sol,True,True,True,matched,7,1,0,0,contains_exact_unverified_mechanics;contains_strategy_or_meta_overlay_candidates
aurora,aurora,True,True,True,matched,7,1,0,0,contains_exact_unverified_mechanics;contains_strategy_or_meta_overlay_candidates
bard,bard,True,True,True,matched,7,0,0,0,contains_strategy_or_meta_overlay_candidates
blitzcrank,blitzcrank,True,True,True,matched,7,0,0,0,contains_strategy_or_meta_overlay_candidates
brand,brand,True,True,True,matched,7,1,0,0,contains_exact_unverified_mechanics;contains_strategy_or_meta_overlay_candidates
braum,braum,True,True,True,matched,7,1,0,0,contains_exact_unverified_mechanics;contains_strategy_or_meta_overlay_candidates
caitlyn,caitlyn,True,True,True,matched,7,2,0,0,contains_exact_unverified_mechanics;contains_strategy_or_meta_overlay_candidates
camille,camille,True,True,True,matched,7,1,0,0,contains_exact_unverified_mechanics;contains_strategy_or_meta_overlay_candidates
corki,corki,True,True,True,matched,7,1,0,0,contains_exact_unverified_mechanics;contains_strategy_or_meta_overlay_candidates
darius,darius,True,True,True,matched,7,1,0,0,contains_exact_unverified_mechanics;contains_strategy_or_meta_overlay_candidates
diana,diana,True,True,True,matched,7,2,0,0,contains_exact_unverified_mechanics;contains_strategy_or_meta_overlay_candidates
dr_mundo,dr_mundo,True,True,True,matched,7,1,0,0,contains_exact_unverified_mechanics;contains_strategy_or_meta_overlay_candidates
draven,draven,True,True,True,matched,7,0,0,0,contains_strategy_or_meta_overlay_candidates
ekko,ekko,True,True,True,matched,7,2,0,0,contains_exact_unverified_mechanics;contains_strategy_or_meta_overlay_candidates
evelynn,evelynn,True,True,True,matched,7,2,0,0,contains_exact_unverified_mechanics;contains_strategy_or_meta_overlay_candidates
ezreal,ezreal,True,True,True,matched,8,28,0,0,contains_exact_unverified_mechanics;contains_strategy_or_meta_overlay_candidates
fiddlesticks,fiddlesticks,True,True,True,matched,7,1,0,0,contains_exact_unverified_mechanics;contains_strategy_or_meta_overlay_candidates
fiora,fiora,True,True,True,matched,7,3,0,0,contains_exact_unverified_mechanics;contains_strategy_or_meta_overlay_candidates
fizz,fizz,True,True,True,matched,7,0,0,2,contains_strategy_or_meta_overlay_candidates;legacy_abilities_dict_identity_mismatch
galio,galio,True,True,True,matched,7,1,0,0,contains_exact_unverified_mechanics;contains_strategy_or_meta_overlay_candidates
garen,garen,True,True,True,matched,8,20,0,0,contains_exact_unverified_mechanics;contains_strategy_or_meta_overlay_candidates
gnar,gnar,True,True,True,matched,7,1,0,0,contains_exact_unverified_mechanics;contains_strategy_or_meta_overlay_candidates
gragas,gragas,True,True,True,matched,7,0,0,0,contains_strategy_or_meta_overlay_candidates
graves,graves,True,True,True,matched,7,2,0,0,contains_exact_unverified_mechanics;contains_strategy_or_meta_overlay_candidates
gwen,gwen,True,True,True,matched,7,2,0,1,contains_exact_unverified_mechanics;contains_strategy_or_meta_overlay_candidates;legacy_abilities_dict_identity_mismatch
hecarim,hecarim,True,True,True,matched,7,1,0,0,contains_exact_unverified_mechanics;contains_strategy_or_meta_overlay_candidates
heimerdinger,heimerdinger,True,True,True,matched,7,4,0,0,contains_exact_unverified_mechanics;contains_strategy_or_meta_overlay_candidates
hwei,,False,True,False,unmatched,0,0,0,0,
irelia,irelia,True,True,True,matched,7,1,0,0,contains_exact_unverified_mechanics;contains_strategy_or_meta_overlay_candidates
janna,janna,True,True,True,matched,7,0,0,0,contains_strategy_or_meta_overlay_candidates
jarvan_iv,jarvan_iv,True,True,True,matched,7,0,0,0,contains_strategy_or_meta_overlay_candidates
jax,jax,True,True,True,matched,7,3,0,0,contains_exact_unverified_mechanics;contains_strategy_or_meta_overlay_candidates
jayce,jayce,True,True,True,matched,7,2,0,3,contains_exact_unverified_mechanics;contains_strategy_or_meta_overlay_candidates;legacy_abilities_dict_identity_mismatch
jhin,jhin,True,True,True,matched,7,3,0,0,contains_exact_unverified_mechanics;contains_strategy_or_meta_overlay_candidates
jinx,jinx,True,True,True,matched,7,1,0,0,contains_exact_unverified_mechanics;contains_strategy_or_meta_overlay_candidates
kaisa,kai_sa,True,True,True,matched_after_alias_normalization,7,3,0,1,contains_exact_unverified_mechanics;contains_strategy_or_meta_overlay_candidates;legacy_abilities_dict_identity_mismatch
kalista,kalista,True,True,True,matched,7,0,0,0,contains_strategy_or_meta_overlay_candidates
karma,karma,True,True,True,matched,7,0,0,2,karma_legacy_abilities_dict_conflicts_with_protected_lock;karma_abilities_by_key_matches_protected_lock;contains_strategy_or_meta_overlay_candidates;legacy_abilities_dict_identity_mismatch
kassadin,kassadin,True,True,True,matched,7,2,0,0,contains_exact_unverified_mechanics;contains_strategy_or_meta_overlay_candidates
katarina,katarina,True,True,True,matched,7,1,0,1,contains_exact_unverified_mechanics;contains_strategy_or_meta_overlay_candidates;legacy_abilities_dict_identity_mismatch
kayle,kayle,True,True,True,matched,7,2,0,0,contains_exact_unverified_mechanics;contains_strategy_or_meta_overlay_candidates
kayn,kayn,True,True,True,matched,7,0,0,0,contains_strategy_or_meta_overlay_candidates
kennen,kennen,True,True,True,matched,7,2,0,0,contains_exact_unverified_mechanics;contains_strategy_or_meta_overlay_candidates
khazix,kha_zix,True,True,True,matched_after_alias_normalization,7,1,0,0,contains_exact_unverified_mechanics;contains_strategy_or_meta_overlay_candidates
kindred,kindred,True,True,True,matched,0,0,0,0,
kogmaw,kog_maw,True,True,True,matched_after_alias_normalization,7,1,0,0,contains_exact_unverified_mechanics;contains_strategy_or_meta_overlay_candidates
ksante,k_sante,True,True,True,matched_after_alias_normalization,7,2,0,0,contains_exact_unverified_mechanics;contains_strategy_or_meta_overlay_candidates
lee_sin,lee_sin,True,True,True,matched,6,1,0,3,contains_exact_unverified_mechanics;contains_strategy_or_meta_overlay_candidates;legacy_abilities_dict_identity_mismatch
leona,leona,True,True,True,matched,6,0,0,0,contains_strategy_or_meta_overlay_candidates
lillia,lillia,True,True,True,matched,6,0,0,0,contains_strategy_or_meta_overlay_candidates
lissandra,lissandra,True,True,True,matched,6,0,0,0,contains_strategy_or_meta_overlay_candidates
lucian,lucian,True,True,True,matched,6,0,0,0,contains_strategy_or_meta_overlay_candidates
lulu,lulu,True,True,True,matched,6,1,0,1,contains_exact_unverified_mechanics;contains_strategy_or_meta_overlay_candidates;legacy_abilities_dict_identity_mismatch
lux,lux,True,True,True,matched,6,1,0,0,contains_exact_unverified_mechanics;contains_strategy_or_meta_overlay_candidates
malphite,malphite,True,True,True,matched,6,1,0,0,contains_exact_unverified_mechanics;contains_strategy_or_meta_overlay_candidates
maokai,maokai,True,True,True,matched,6,0,0,0,contains_strategy_or_meta_overlay_candidates
master_yi,master_yi,True,True,True,matched,6,1,0,0,contains_exact_unverified_mechanics;contains_strategy_or_meta_overlay_candidates
mel,mel,True,True,True,matched,6,0,0,5,contains_strategy_or_meta_overlay_candidates;legacy_abilities_dict_identity_mismatch
milio,milio,True,True,True,matched,6,0,0,0,contains_strategy_or_meta_overlay_candidates
miss_fortune,miss_fortune,True,True,True,matched,6,0,0,0,contains_strategy_or_meta_overlay_candidates
mordekaiser,mordekaiser,True,True,True,matched,6,2,0,0,contains_exact_unverified_mechanics;contains_strategy_or_meta_overlay_candidates
morgana,morgana,True,True,True,matched,6,2,0,0,contains_exact_unverified_mechanics;contains_strategy_or_meta_overlay_candidates
nami,nami,True,True,True,matched,6,1,0,0,contains_exact_unverified_mechanics;contains_strategy_or_meta_overlay_candidates
nasus,nasus,True,True,True,matched,6,1,0,0,contains_exact_unverified_mechanics;contains_strategy_or_meta_overlay_candidates
nautilus,nautilus,True,True,True,matched,6,1,0,0,contains_exact_unverified_mechanics;contains_strategy_or_meta_overlay_candidates
nidalee,nidalee,True,True,True,matched,6,1,0,3,contains_exact_unverified_mechanics;contains_strategy_or_meta_overlay_candidates;legacy_abilities_dict_identity_mismatch
nilah,nilah,True,True,True,matched,6,0,0,0,contains_strategy_or_meta_overlay_candidates
nocturne,nocturne,True,True,True,matched,6,2,0,0,contains_exact_unverified_mechanics;contains_strategy_or_meta_overlay_candidates
norra,norra,True,True,True,matched,6,0,0,5,contains_strategy_or_meta_overlay_candidates;legacy_abilities_dict_identity_mismatch
nunu,nunu_willump,True,True,True,matched_after_alias_normalization,6,1,0,0,contains_exact_unverified_mechanics;contains_strategy_or_meta_overlay_candidates
olaf,olaf,True,True,True,matched,6,0,0,0,contains_strategy_or_meta_overlay_candidates
orianna,orianna,True,True,True,matched,6,0,0,4,contains_strategy_or_meta_overlay_candidates;legacy_abilities_dict_identity_mismatch
ornn,ornn,True,True,True,matched,6,1,0,0,contains_exact_unverified_mechanics;contains_strategy_or_meta_overlay_candidates
pantheon,pantheon,True,True,True,matched,6,2,0,0,contains_exact_unverified_mechanics;contains_strategy_or_meta_overlay_candidates
poppy,poppy,True,True,True,matched,6,0,0,0,contains_strategy_or_meta_overlay_candidates
pyke,pyke,True,True,True,matched,6,0,0,0,contains_strategy_or_meta_overlay_candidates
rakan,rakan,True,True,True,matched,6,1,0,0,contains_exact_unverified_mechanics;contains_strategy_or_meta_overlay_candidates
rammus,rammus,True,True,True,matched,6,0,0,1,contains_strategy_or_meta_overlay_candidates;legacy_abilities_dict_identity_mismatch
rell,rell,True,True,True,matched,6,1,0,2,contains_exact_unverified_mechanics;contains_strategy_or_meta_overlay_candidates;legacy_abilities_dict_identity_mismatch
renekton,renekton,True,True,True,matched,6,3,0,0,contains_exact_unverified_mechanics;contains_strategy_or_meta_overlay_candidates
rengar,rengar,True,True,True,matched,6,1,0,0,contains_exact_unverified_mechanics;contains_strategy_or_meta_overlay_candidates
riven,riven,True,True,True,matched,6,3,0,0,contains_exact_unverified_mechanics;contains_strategy_or_meta_overlay_candidates
rumble,rumble,True,True,True,matched,6,4,0,0,contains_exact_unverified_mechanics;contains_strategy_or_meta_overlay_candidates
ryze,ryze,True,True,True,matched,6,1,0,0,contains_exact_unverified_mechanics;contains_strategy_or_meta_overlay_candidates
samira,samira,True,True,True,matched,6,0,0,0,contains_strategy_or_meta_overlay_candidates
sejuani,,False,True,False,unmatched,0,0,0,0,
senna,senna,True,True,True,matched,6,0,0,0,contains_strategy_or_meta_overlay_candidates
seraphine,seraphine,True,True,True,matched,6,1,0,0,contains_exact_unverified_mechanics;contains_strategy_or_meta_overlay_candidates
sett,sett,True,True,True,matched,6,1,0,0,contains_exact_unverified_mechanics;contains_strategy_or_meta_overlay_candidates
shen,shen,True,True,True,matched,6,0,0,1,contains_strategy_or_meta_overlay_candidates;legacy_abilities_dict_identity_mismatch
shyvana,shyvana,True,True,True,matched,6,0,0,0,contains_strategy_or_meta_overlay_candidates
singed,singed,True,True,True,matched,6,0,0,0,contains_strategy_or_meta_overlay_candidates
sion,sion,True,True,True,matched,6,0,0,0,contains_strategy_or_meta_overlay_candidates
sivir,sivir,True,True,True,matched,6,1,0,0,contains_exact_unverified_mechanics;contains_strategy_or_meta_overlay_candidates
smolder,smolder,True,True,True,matched,6,1,0,2,contains_exact_unverified_mechanics;contains_strategy_or_meta_overlay_candidates;legacy_abilities_dict_identity_mismatch
sona,sona,True,True,True,matched,6,1,0,0,contains_exact_unverified_mechanics;contains_strategy_or_meta_overlay_candidates
soraka,soraka,True,True,True,matched,6,0,0,0,contains_strategy_or_meta_overlay_candidates
swain,swain,True,True,True,matched,6,0,0,0,contains_strategy_or_meta_overlay_candidates
syndra,syndra,True,True,True,matched,0,0,0,0,
tahm_kench,,False,True,False,unmatched,0,0,0,0,
taliyah,taliyah,True,True,True,matched,0,0,0,0,
talon,talon,True,True,True,matched,6,1,0,0,contains_exact_unverified_mechanics;contains_strategy_or_meta_overlay_candidates
teemo,teemo,True,True,True,matched,6,1,0,2,contains_exact_unverified_mechanics;contains_strategy_or_meta_overlay_candidates;legacy_abilities_dict_identity_mismatch
thresh,thresh,True,True,True,matched,6,0,0,0,contains_strategy_or_meta_overlay_candidates
tristana,tristana,True,True,True,matched,6,2,0,0,contains_exact_unverified_mechanics;contains_strategy_or_meta_overlay_candidates
tryndamere,tryndamere,True,True,True,matched,6,1,0,0,contains_exact_unverified_mechanics;contains_strategy_or_meta_overlay_candidates
twisted_fate,twisted_fate,True,True,True,matched,6,2,0,0,contains_exact_unverified_mechanics;contains_strategy_or_meta_overlay_candidates
twitch,twitch,True,True,True,matched,6,1,0,0,contains_exact_unverified_mechanics;contains_strategy_or_meta_overlay_candidates
urgot,urgot,True,True,True,matched,6,2,0,0,contains_exact_unverified_mechanics;contains_strategy_or_meta_overlay_candidates
varus,varus,True,True,True,matched,6,1,0,0,contains_exact_unverified_mechanics;contains_strategy_or_meta_overlay_candidates
vayne,vayne,True,True,True,matched,6,1,0,0,contains_exact_unverified_mechanics;contains_strategy_or_meta_overlay_candidates
veigar,veigar,True,True,True,matched,6,1,0,0,contains_exact_unverified_mechanics;contains_strategy_or_meta_overlay_candidates
velkoz,velkoz,True,True,True,matched,6,3,0,1,contains_exact_unverified_mechanics;contains_strategy_or_meta_overlay_candidates;legacy_abilities_dict_identity_mismatch
vex,vex,True,True,True,matched,6,0,0,0,contains_strategy_or_meta_overlay_candidates
vi,vi,True,True,True,matched,6,2,0,4,contains_exact_unverified_mechanics;contains_strategy_or_meta_overlay_candidates;legacy_abilities_dict_identity_mismatch
viego,viego,True,True,True,matched,6,0,0,0,contains_strategy_or_meta_overlay_candidates
viktor,viktor,True,True,True,matched,6,0,0,0,contains_strategy_or_meta_overlay_candidates
vladimir,vladimir,True,True,True,matched,6,2,0,0,contains_exact_unverified_mechanics;contains_strategy_or_meta_overlay_candidates
volibear,volibear,True,True,True,matched,6,0,0,0,contains_strategy_or_meta_overlay_candidates
warwick,warwick,True,True,True,matched,6,2,0,0,contains_exact_unverified_mechanics;contains_strategy_or_meta_overlay_candidates
wukong,wukong,True,True,True,matched,6,1,0,2,contains_exact_unverified_mechanics;contains_strategy_or_meta_overlay_candidates;legacy_abilities_dict_identity_mismatch
xayah,xayah,True,True,True,matched,6,3,0,0,contains_exact_unverified_mechanics;contains_strategy_or_meta_overlay_candidates
xin_zhao,xin_zhao,True,True,True,matched,6,3,0,0,contains_exact_unverified_mechanics;contains_strategy_or_meta_overlay_candidates
yasuo,yasuo,True,True,True,matched,6,3,0,0,contains_exact_unverified_mechanics;contains_strategy_or_meta_overlay_candidates
yone,yone,True,True,True,matched,6,2,0,0,contains_exact_unverified_mechanics;contains_strategy_or_meta_overlay_candidates
yuumi,yuumi,True,True,True,matched,6,1,0,0,contains_exact_unverified_mechanics;contains_strategy_or_meta_overlay_candidates
zed,zed,True,True,True,matched,6,2,0,0,contains_exact_unverified_mechanics;contains_strategy_or_meta_overlay_candidates
zeri,zeri,True,True,True,matched,6,0,0,0,contains_strategy_or_meta_overlay_candidates
ziggs,ziggs,True,True,True,matched,6,1,0,0,contains_exact_unverified_mechanics;contains_strategy_or_meta_overlay_candidates
zilean,zilean,True,True,True,matched,6,3,0,0,contains_exact_unverified_mechanics;contains_strategy_or_meta_overlay_candidates
zoe,zoe,True,True,True,matched,6,1,0,2,contains_exact_unverified_mechanics;contains_strategy_or_meta_overlay_candidates;legacy_abilities_dict_identity_mismatch
zyra,zyra,True,True,True,matched,6,1,0,0,contains_exact_unverified_mechanics;contains_strategy_or_meta_overlay_candidates
